accuracy,f1_score,recall,precision,roc_auc,mcc,seed,fold
0.7882182119892138,0.7451959071624658,0.8894846589216563,0.6411853124328967,0.9143142874137774,0.5945086056172584,0,0
0.7927815805849409,0.7479182437547313,0.8829311885612153,0.6487196323046619,0.913063833891542,0.5987443494470868,1,0
0.7906036092097075,0.7469607720265697,0.8876973488233542,0.6447425356988317,0.9153623592303715,0.597367006580775,2,0
0.7838622692387471,0.7390433258201855,0.8790586833482276,0.63750270036725,0.9090824359458347,0.5836327552143534,3,0
0.7798174652561709,0.7357809583074052,0.880548108430146,0.6318939717828131,0.9081893022547076,0.5781730205116803,4,0
