accuracy,f1_score,recall,precision,roc_auc,mcc,seed,fold
0.4898796498905908,0.526369254211462,0.9557331693821088,0.36320093457943925,0.8596672417046013,0.27496099449205996,0,0
0.4862326768781911,0.5245126993502659,0.9554257608361513,0.3614794138171668,0.8586998710398239,0.2705922203555003,1,0
0.49097374179431075,0.5274650867541261,0.9578850292038119,0.363933660359729,0.8600187194471667,0.27813359281024513,2,0
0.49097374179431075,0.5277049319008543,0.9588072548416846,0.36402894491129784,0.8609938799202054,0.278972762749964,3,0
0.4863238512035011,0.5249578414839797,0.9569628035659391,0.3616823515743,0.8596516820108623,0.27209764252614066,4,0
