accuracy,f1_score,recall,precision,roc_auc,mcc,seed,fold
0.7737979993546306,0.5497752087347463,0.874361593462717,0.4009367681498829,0.9066736002909148,0.4829667826181864,0,0
0.7595998709261051,0.5212082262210798,0.8283963227783453,0.38021565869667134,0.8811623906598837,0.4414646486325927,1,0
0.7826718296224588,0.5460060667340748,0.8273748723186926,0.4074446680080483,0.8884194057189875,0.47009725400817637,2,0
0.7421748951274605,0.5172205438066466,0.874361593462717,0.36722436722436724,0.8992347635270748,0.4455105508395703,3,0
0.7342691190706679,0.5079175380938152,0.8682328907048008,0.3589527027027027,0.8886548540621493,0.43336208067583026,4,0
