accuracy,f1_score,recall,precision,roc_auc,mcc,seed,fold
0.9042145593869731,0.6428571428571429,0.6428571428571429,0.6428571428571429,0.9235777496839445,0.5875474083438685,0,0
0.9291187739463601,0.7338129496402879,0.7285714285714285,0.7391304347826086,0.9305309734513274,0.6929552771362085,1,0
0.8812260536398467,0.6075949367088607,0.6857142857142857,0.5454545454545454,0.9255689001264222,0.5435824691349546,2,0
0.921455938697318,0.6962962962962963,0.6714285714285714,0.7230769230769231,0.9379582806573957,0.6518526047345696,3,0
0.9157088122605364,0.7027027027027027,0.7428571428571429,0.6666666666666666,0.9360619469026549,0.6550619516672371,4,0
