accuracy,f1_score,recall,precision,roc_auc,mcc,seed,fold
0.5811936936936937,0.6121597663989988,0.9560260586319218,0.4502224267525694,0.8903517466795987,0.3651082020511299,0,0
0.5811936936936937,0.6114303625535471,0.9530944625407166,0.4500846023688663,0.88912203490556,0.3627427970624986,1,0
0.5838963963963963,0.6138572473612708,0.9566775244299675,0.45191567933528237,0.8916509219754777,0.36889535147690306,2,0
0.5820945945945946,0.6128325508607199,0.9566775244299675,0.4508058326937836,0.891280533955272,0.36672333094355763,3,0
0.5843468468468469,0.613143276386123,0.9527687296416938,0.4520166898470097,0.8912953629314841,0.36630243665315987,4,0
