accuracy,f1_score,recall,precision,roc_auc,mcc,seed,fold
0.8635676828726335,0.7776329132261336,0.8523340743093045,0.7149706979222163,0.9380102212196215,0.6857812881580123,0,0
0.8647231357212692,0.7793563351696143,0.853604318831375,0.7169911976527074,0.9386689391114356,0.6882775516477915,1,0
0.8721002577548662,0.7898963352314206,0.8590028580501746,0.731081081081081,0.9404676356135361,0.7035118782278159,2,0
0.8724557817082926,0.7898667447649729,0.8564623690060337,0.7328804347826087,0.9415173276200027,0.7034748977296734,3,0
0.8663229935116878,0.7804379562043796,0.8488409018736107,0.7222372331802216,0.9382820217206796,0.6898612577870359,4,0
