accuracy,f1_score,recall,precision,roc_auc,mcc,seed,fold
0.8036074066967284,0.7284065277962053,0.8052214725726019,0.6649709302325582,0.893663726479907,0.5832623745211589,0,0
0.798618439988487,0.7251538562262668,0.8122616603109416,0.6549195837275308,0.8937031857585588,0.5773301774640412,1,0
0.8141609901180082,0.741008156170611,0.81284834262247,0.6808353808353809,0.8966536189658149,0.6035669144677814,2,0
0.797563081646359,0.7243991640543364,0.8134350249339982,0.6529314810454439,0.8941140892166972,0.5760011381495403,3,0
0.7993859733282165,0.7256265581944626,0.811088295687885,0.6564577397910731,0.8927581914493102,0.5781940327292299,4,0
